CustomerId,Surname,CreditScore,Geography,Gender,Age,Tenure,Balance,NumOfProducts,HasCrCard,IsActiveMember,EstimatedSalary,Exited,churn_probability,churn_prediction,risk_tier,estimated_value_at_risk
15601482,Cust1482,659,Germany,Female,84,8,243844.13,4,1,0,146075.38,1,0.9691,1,Critical,236309.35
15602913,Cust2913,712,Germany,Male,76,9,248291.2,1,0,0,105089.79,1,0.9389,1,Critical,233120.61
15608797,Cust8797,726,Germany,Male,81,9,239323.34,4,1,0,103441.45,1,0.9737,1,Critical,233029.14
15601267,Cust1267,805,Spain,Female,83,8,236359.45,4,0,0,140445.7,1,0.9848,1,Critical,232766.79
15608935,Cust8935,807,Spain,Male,89,7,246307.14,4,0,1,46047.65,1,0.9411,1,Critical,231799.65
15601010,Cust1010,633,Germany,Female,88,8,238370.53,2,1,1,96953.11,1,0.9692,1,Critical,231028.72
15609774,Cust9774,467,Spain,Male,74,0,249341.85,2,1,0,142375.16,1,0.9249,1,Critical,230616.28
15606223,Cust6223,529,France,Male,87,4,234766.5,3,0,0,168118.76,1,0.979,1,Critical,229836.4
15608463,Cust8463,557,Spain,Male,74,7,247898.81,2,1,0,127876.85,1,0.9233,1,Critical,228884.97
15602053,Cust2053,725,Spain,Male,77,5,249517.72,1,1,0,16291.18,1,0.9173,1,Critical,228882.6
15606797,Cust6797,541,France,Female,84,7,232031.8,1,1,0,128216.44,1,0.9792,1,Critical,227205.54
15606881,Cust6881,515,Germany,Female,91,7,243798.33,1,1,0,67248.75,1,0.9319,1,Critical,227195.66
15605932,Cust5932,632,France,Female,80,5,227580.58,1,0,0,72928.07,1,0.9969,1,Critical,226875.08
15604365,Cust4365,717,France,Female,80,7,232018.23,1,1,0,89891.43,1,0.9759,1,Critical,226426.59
15606068,Cust6068,430,France,Female,51,3,247273.67,4,1,1,138747.55,1,0.9149,1,Critical,226230.68
15605588,Cust5588,696,France,Female,77,3,237595.0,4,1,0,30561.53,1,0.9518,1,Critical,226142.92
15606816,Cust6816,436,Germany,Male,82,6,233425.17,4,1,0,60081.17,1,0.9686,1,Critical,226095.62
15600677,Cust677,643,France,Male,84,10,235797.95,4,1,0,65001.51,1,0.958,1,Critical,225894.44
15601680,Cust1680,362,Germany,Male,86,7,244653.49,2,1,1,155628.72,1,0.9211,1,Critical,225350.33
15602237,Cust2237,470,France,Male,86,8,236508.3,1,0,0,67117.8,1,0.9512,1,Critical,224966.69
15600797,Cust797,411,France,Female,89,4,238231.42,3,1,0,61007.5,1,0.9405,1,Critical,224056.65
15609784,Cust9784,426,Germany,Female,89,7,237189.23,4,0,1,45216.25,1,0.9443,1,Critical,223977.79
15601233,Cust1233,599,Germany,Male,88,3,233804.34,2,1,0,16517.95,1,0.9527,1,Critical,222745.39
15605438,Cust5438,782,Spain,Female,88,9,242384.37,2,1,0,60392.06,1,0.9186,1,Critical,222654.28
15602318,Cust2318,476,France,Male,74,10,243361.01,3,1,0,105100.95,1,0.9147,1,Critical,222602.32
15605642,Cust5642,444,Spain,Female,84,9,229823.22,4,1,0,27359.59,1,0.9626,1,Critical,221227.83
15608983,Cust8983,398,Spain,Female,77,1,247469.69,4,1,1,112772.44,1,0.893,1,Critical,220990.43
15601750,Cust1750,471,Germany,Male,73,3,228989.36,4,1,0,51470.96,1,0.9625,1,Critical,220402.26
15609693,Cust9693,744,France,Male,80,4,244076.18,4,1,0,60934.29,1,0.902,1,Critical,220156.71
15602440,Cust2440,569,Spain,Female,75,7,225783.0,4,1,0,102386.6,1,0.975,1,Critical,220138.42
15600523,Cust523,407,Germany,Female,87,1,244772.8,4,1,1,15914.38,1,0.8989,1,Critical,220026.27
15602111,Cust2111,529,Germany,Female,89,0,231412.68,3,0,0,131454.75,1,0.9501,1,Critical,219865.19
15608003,Cust8003,619,France,Female,90,8,239549.99,2,1,1,173346.54,1,0.9136,1,Critical,218852.87
15609163,Cust9163,416,Germany,Male,47,6,234924.6,3,0,0,122437.92,1,0.9306,1,Critical,218620.83
15606033,Cust6033,430,France,Female,85,6,248475.19,1,0,0,100857.63,1,0.8763,1,Critical,217738.81
15608788,Cust8788,499,France,Female,67,4,248831.61,4,0,0,55784.17,1,0.8737,1,Critical,217404.18
15605493,Cust5493,573,France,Female,86,3,229365.52,1,1,0,80888.08,1,0.9455,1,Critical,216865.1
15600814,Cust814,472,France,Male,70,4,239898.84,1,0,0,85791.98,1,0.902,1,Critical,216388.75
15604182,Cust4182,355,Germany,Female,50,8,245697.86,3,0,0,20348.18,1,0.8806,1,Critical,216361.54
15600670,Cust670,402,France,Female,88,8,222217.14,4,0,0,17507.74,1,0.9726,1,Critical,216128.39
15607931,Cust7931,696,Germany,Female,89,9,245005.16,1,1,1,56778.56,1,0.8818,1,Critical,216045.55
15607990,Cust7990,522,Germany,Female,74,4,229157.42,1,0,0,111277.55,1,0.9414,1,Critical,215728.8
15604775,Cust4775,668,France,Female,68,4,249773.78,4,1,0,168627.28,1,0.8625,1,Critical,215429.89
15600230,Cust230,374,France,Male,82,9,227750.97,4,0,0,175160.42,1,0.9458,1,Critical,215406.87
15600705,Cust705,523,Germany,Female,84,8,229766.3,2,1,1,82590.65,1,0.9348,1,Critical,214785.54
15603414,Cust3414,703,France,Female,88,7,233302.48,4,0,1,68899.48,1,0.9192,1,Critical,214451.64
15608653,Cust8653,426,France,Male,85,9,240763.02,3,1,0,160443.98,1,0.8907,1,Critical,214447.62
15609623,Cust9623,465,Germany,Male,89,3,248744.95,4,0,0,146091.11,1,0.862,1,Critical,214418.15
15602019,Cust2019,727,France,Female,70,8,248639.3,1,1,0,159707.72,1,0.8605,1,Critical,213954.12
15600234,Cust234,574,Spain,Male,71,9,238315.05,4,1,0,177897.14,1,0.8977,1,Critical,213935.42
15609450,Cust9450,818,Spain,Female,85,6,225570.38,3,1,0,94698.46,1,0.9481,1,Critical,213863.28
15600487,Cust487,665,France,Male,88,3,245050.33,1,0,1,106118.13,1,0.8697,1,Critical,213120.27
15603197,Cust3197,636,France,Female,80,10,222167.64,1,0,0,71881.59,1,0.9587,1,Critical,212992.12
15609220,Cust9220,779,Spain,Female,84,8,234066.04,4,1,0,187930.64,0,0.9091,1,Critical,212789.44
15603339,Cust3339,592,Germany,Female,57,3,244203.55,4,1,0,114085.94,1,0.8698,1,Critical,212408.25
15600471,Cust471,658,France,Male,85,8,234211.56,2,1,0,51142.38,1,0.9064,1,Critical,212289.36
15602935,Cust2935,774,France,Male,91,5,247035.23,4,1,1,103637.3,1,0.8587,1,Critical,212129.15
15602022,Cust2022,513,France,Female,49,7,236211.73,1,1,0,126302.17,1,0.8976,1,Critical,212023.65
15602662,Cust2662,356,France,Female,77,0,233665.16,4,1,0,107692.08,1,0.9053,1,Critical,211537.07
15604152,Cust4152,538,France,Female,87,3,240745.66,1,1,1,32112.57,1,0.8773,1,Critical,211206.17
15609690,Cust9690,501,France,Male,74,3,241728.34,2,0,0,39401.75,1,0.8734,1,Critical,211125.53
15603316,Cust3316,527,Germany,Female,83,9,244719.8,3,1,0,84885.79,1,0.8622,1,Critical,210997.41
15607770,Cust7770,831,France,Male,86,4,240392.81,2,1,0,191372.26,1,0.8747,1,Critical,210271.59
15602270,Cust2270,759,Germany,Male,86,0,230326.92,4,1,0,137342.23,1,0.9129,1,Critical,210265.45
15606987,Cust6987,841,France,Male,85,8,225582.92,4,0,0,30998.36,1,0.9266,1,Critical,209025.13
15607386,Cust7386,772,Germany,Female,72,4,223344.61,3,1,0,32396.16,1,0.9344,1,Critical,208693.2
15607709,Cust7709,355,Germany,Male,76,4,216923.74,4,1,0,105016.55,1,0.96,1,Critical,208246.79
15605817,Cust5817,499,France,Male,73,4,248431.59,4,1,0,155815.87,1,0.838,1,Critical,208185.67
15604644,Cust4644,507,France,Male,86,0,239081.43,2,1,0,120684.95,1,0.8701,1,Critical,208024.75
15602831,Cust2831,641,France,Female,66,10,239772.58,4,0,0,101461.09,1,0.8675,1,Critical,208002.71
15605346,Cust5346,589,Germany,Male,89,0,223798.95,3,0,0,156794.75,1,0.9284,1,Critical,207774.95
15609143,Cust9143,354,Germany,Male,74,5,245192.88,4,1,1,117425.29,1,0.847,1,Critical,207678.37
15606062,Cust6062,403,France,Male,69,10,247194.58,4,1,0,50254.67,1,0.84,1,Critical,207643.45
15609362,Cust9362,497,Germany,Male,85,8,214583.08,1,1,0,106351.64,1,0.9666,1,Critical,207416.01
15606505,Cust6505,361,France,Male,58,2,249428.58,2,0,0,49325.67,1,0.8314,1,Critical,207374.92
15608161,Cust8161,646,Germany,Male,61,6,234367.07,1,0,0,90649.67,1,0.8847,1,Critical,207344.55
15600599,Cust599,421,Germany,Female,90,5,232227.52,1,0,0,20620.38,1,0.8918,1,Critical,207100.5
15602845,Cust2845,461,Germany,Female,63,5,217609.53,4,1,1,11284.4,1,0.9508,1,Critical,206903.14
15600493,Cust493,450,France,Male,77,8,247700.45,1,1,1,131201.06,1,0.835,1,Critical,206829.88
15601162,Cust1162,709,Spain,Female,30,0,247381.74,4,1,0,193044.0,1,0.8346,1,Critical,206464.8
15605353,Cust5353,527,Germany,Male,80,9,238207.69,2,1,1,164744.17,1,0.8667,1,Critical,206454.6
15600624,Cust624,670,Spain,Female,56,1,226930.18,4,1,0,109573.62,1,0.9087,1,Critical,206211.45
15603529,Cust3529,736,France,Female,86,1,219648.66,4,1,0,67079.41,1,0.9386,1,Critical,206162.23
15607451,Cust7451,450,France,Female,69,6,212575.42,4,1,0,24550.8,1,0.9685,1,Critical,205879.29
15607746,Cust7746,731,Germany,Female,73,1,243383.7,4,1,0,109800.35,1,0.8443,1,Critical,205488.86
15606688,Cust6688,519,Germany,Female,48,3,226732.96,4,0,0,63433.3,1,0.9061,1,Critical,205442.74
15606738,Cust6738,378,Spain,Female,47,2,221460.02,1,1,0,116481.36,1,0.9266,1,Critical,205204.85
15603974,Cust3974,762,France,Female,91,7,225931.56,3,0,0,157537.29,1,0.908,1,Critical,205145.86
15606497,Cust6497,531,France,Female,86,9,216067.19,1,1,0,56251.19,1,0.9494,1,Critical,205134.19
15603540,Cust3540,546,Spain,Female,69,5,237496.04,4,0,0,50132.48,1,0.8634,1,Critical,205054.08
15603586,Cust3586,626,France,Female,73,10,224234.27,1,1,0,75977.72,1,0.9144,1,Critical,205039.82
15608431,Cust8431,370,France,Male,85,8,243717.75,2,0,0,57107.26,1,0.8411,1,Critical,204991.0
15602414,Cust2414,699,France,Female,45,2,242108.81,1,0,1,45350.1,1,0.8458,1,Critical,204775.63
15604648,Cust4648,529,France,Female,72,6,223103.98,3,1,0,52405.99,1,0.9177,1,Critical,204742.52
15600222,Cust222,802,Germany,Male,76,3,239988.53,1,1,0,170315.86,1,0.8526,1,Critical,204614.22
15607541,Cust7541,440,France,Female,53,3,225193.35,4,1,0,142490.72,1,0.908,1,Critical,204475.56
15606638,Cust6638,419,Spain,Female,82,3,209958.43,2,1,0,93342.43,1,0.9737,1,Critical,204436.52
15601426,Cust1426,643,France,Female,66,9,233523.06,1,0,0,181019.29,1,0.8754,1,Critical,204426.09
15604521,Cust4521,606,France,Male,63,8,236356.92,1,1,0,96555.2,1,0.8648,1,Critical,204401.46
15600785,Cust785,420,France,Female,81,1,231711.1,4,0,1,50876.61,1,0.8821,1,Critical,204392.36
